,Minutes,Successful Shots,Total Shots,3 Points Succesful,Total 3 Points,Successful FT,Total FT,REB,AST,BLK,STL,PF,TO,PTS,Result
0,36,7,12,0,1,0,0,2,7,0,4,2,2,14,0
1,39,5,9,2,3,0,0,2,4,0,1,5,3,12,0
2,28,3,6,1,2,0,0,5,9,0,2,4,1,7,1
3,22,1,5,0,1,3,4,1,3,0,0,6,0,5,0
4,31,4,8,1,2,0,2,4,6,0,0,4,5,9,0
5,30,2,8,1,2,3,4,2,5,0,1,1,2,8,1
6,21,3,7,0,2,0,0,1,4,0,1,2,3,6,0
7,3,0,0,0,0,0,0,0,0,1,0,1,0,0,1
8,26,6,9,2,2,0,0,4,2,1,2,5,1,14,0
9,41,6,10,2,6,0,1,5,7,0,0,2,3,14,0
10,35,4,10,1,4,4,4,0,7,0,4,3,6,13,0
11,46,3,9,2,3,4,5,6,8,1,1,6,1,12,1
12,35,6,12,2,4,4,4,4,6,0,3,5,4,18,1
13,34,5,16,1,4,0,0,7,5,2,1,3,6,11,0
14,36,5,15,1,5,2,2,4,8,0,0,0,1,13,0
15,20,2,5,1,2,2,2,2,4,0,3,2,2,7,1
16,41,4,14,2,6,0,0,4,6,2,2,2,1,10,0
17,32,4,8,1,3,2,2,5,2,1,2,3,4,11,0
18,46,6,12,0,2,1,1,3,3,0,1,4,3,13,0
19,36,9,14,2,4,2,2,4,2,0,4,5,5,22,0
20,30,6,13,1,4,1,2,4,4,0,3,4,4,14,1
21,27,3,9,0,3,0,0,3,1,0,1,0,0,6,0
22,38,5,10,3,4,6,6,2,4,1,4,4,4,19,0
23,36,5,13,1,4,3,4,4,4,1,4,5,4,14,0
24,25,4,11,0,2,0,0,4,3,0,4,5,1,8,0
25,46,9,17,5,9,4,4,8,4,0,3,4,2,27,0
26,41,6,15,2,6,0,0,7,8,0,0,2,4,14,0
27,47,6,13,3,5,2,2,10,7,0,2,5,2,17,0
28,27,4,10,3,4,2,2,3,4,0,3,4,1,13,1
29,11,0,4,0,1,0,1,2,0,0,1,3,1,0,1
30,23,6,10,0,1,3,3,3,3,0,0,3,4,15,0
31,29,4,10,1,2,0,0,1,1,0,1,4,3,9,0
32,40,10,13,6,6,0,0,5,6,0,3,3,2,26,0
33,30,7,11,0,2,2,2,1,4,0,2,6,1,16,1
34,34,5,10,1,2,1,2,3,4,0,1,3,2,12,1
35,36,8,15,1,2,4,5,7,5,1,1,4,2,21,0
36,33,3,10,3,5,0,0,4,4,0,0,1,4,9,0
37,48,7,17,1,4,3,3,6,4,1,6,6,4,18,0
38,43,9,18,5,8,3,3,10,6,1,1,4,5,26,1
39,49,6,17,3,8,0,0,3,6,0,1,2,3,15,0
40,48,11,21,3,7,7,8,2,7,0,4,4,2,32,1
41,40,10,25,4,9,1,1,5,2,0,0,4,1,25,0
42,45,10,22,3,10,4,5,9,6,0,3,3,1,27,0
43,41,7,13,1,3,0,0,5,8,0,3,4,5,15,0
44,41,8,15,2,4,4,4,1,9,0,3,3,1,22,0
45,36,4,10,2,2,4,4,4,5,0,1,2,5,14,0
46,30,6,18,2,5,0,0,2,4,0,1,1,0,14,0
47,27,1,6,0,2,4,4,0,3,0,0,2,3,6,0
48,27,9,15,3,7,2,3,1,4,0,2,3,3,23,0
49,48,9,20,1,5,6,6,2,9,0,2,4,3,25,0
50,46,11,22,7,11,7,8,10,13,0,3,4,6,36,1
51,44,5,21,1,10,0,0,10,8,0,1,5,4,11,0
52,40,10,15,1,4,3,3,6,15,0,3,2,3,24,1
53,39,4,9,3,6,2,2,6,7,0,3,1,10,13,0
54,45,13,18,1,3,5,5,9,3,0,1,3,5,32,1
55,38,8,22,1,8,0,1,6,5,0,0,2,2,17,0
56,42,11,19,2,5,6,6,7,13,1,2,1,2,30,0
57,48,11,25,3,6,2,3,5,4,0,1,4,5,27,1
58,43,7,17,3,8,1,1,2,8,0,2,5,3,18,0
59,32,3,12,1,2,2,2,3,7,0,2,2,5,9,0
60,48,11,19,5,9,4,4,5,11,0,2,1,7,31,0
61,48,8,23,4,8,5,6,5,4,0,0,1,3,25,0
62,34,5,13,2,4,0,0,3,6,0,1,2,4,12,0
63,33,6,15,2,7,1,1,5,3,0,2,5,4,15,0
64,42,13,21,5,8,4,4,6,10,1,4,1,2,35,1
65,34,11,19,5,9,2,2,5,9,0,1,4,0,29,0
66,0,0,0,0,0,0,0,0,0,0,0,0,0,0,1
67,0,0,0,0,0,0,0,0,0,0,0,0,0,0,0
68,25,4,10,1,3,0,0,4,6,1,0,2,2,9,0
69,34,6,15,2,5,0,0,4,8,0,4,4,1,14,0
70,40,12,19,4,6,2,2,5,11,0,4,3,7,30,1
71,37,6,16,3,5,2,2,7,6,0,2,1,7,17,0
72,40,8,15,2,2,0,0,4,7,0,1,5,3,18,1
73,34,6,16,1,4,2,3,2,6,0,0,5,4,15,0
74,29,7,21,1,5,0,0,4,10,0,1,1,2,15,1
75,44,10,23,5,11,4,6,8,12,2,3,4,5,29,1
76,33,10,21,3,6,4,4,1,4,0,2,2,2,27,0
77,44,12,22,3,5,0,0,8,14,0,7,4,4,27,1
78,41,10,19,5,10,4,4,9,4,0,3,5,3,29,0
79,35,9,16,3,6,4,6,7,7,0,1,2,5,25,1
80,41,5,15,1,4,6,6,5,6,0,2,4,2,17,0
81,48,13,25,4,6,12,12,9,8,1,2,0,2,42,1
82,39,9,16,3,6,4,4,2,11,1,0,4,5,25,1
83,27,7,9,1,3,1,3,2,6,0,2,2,2,16,1
84,0,0,0,0,0,0,0,0,0,0,0,0,0,0,0
85,0,0,0,0,0,0,0,0,0,0,0,0,0,0,1
86,33,7,17,1,4,5,5,1,6,0,2,5,5,20,1
87,29,3,12,0,3,4,4,4,6,0,2,4,2,10,0
88,36,12,21,2,4,8,8,5,4,0,3,2,5,34,1
89,45,11,20,1,1,2,3,6,8,1,2,4,2,25,1
90,31,7,18,2,5,1,2,3,6,0,5,2,5,17,0
91,30,3,14,0,3,1,2,2,4,1,3,5,2,7,0
92,30,7,14,2,3,5,5,5,4,0,2,6,3,21,1
93,42,9,21,3,6,8,9,5,8,0,1,4,4,29,0
94,24,5,10,1,3,2,2,3,2,2,1,3,0,13,0
95,41,8,21,1,6,0,0,7,5,0,3,3,2,17,0
96,36,8,19,0,2,5,5,4,6,0,4,6,1,21,0
97,30,8,13,4,5,6,6,2,4,0,1,5,3,26,0
98,28,6,10,2,3,6,7,3,7,0,3,5,1,20,1
99,40,13,22,3,6,3,3,3,5,1,1,2,5,32,0
100,34,4,10,1,3,0,0,1,7,0,4,4,4,9,0
101,46,14,20,4,7,7,7,1,6,1,2,5,5,39,0
102,42,8,16,3,5,2,2,6,4,0,2,2,6,21,0
103,11,0,2,0,0,0,0,1,3,0,0,2,2,0,0
104,0,0,0,0,0,0,0,0,0,0,0,0,0,0,0
105,0,0,0,0,0,0,0,0,0,0,0,0,0,0,0
106,0,0,0,0,0,0,0,0,0,0,0,0,0,0,1
107,0,0,0,0,0,0,0,0,0,0,0,0,0,0,0
108,0,0,0,0,0,0,0,0,0,0,0,0,0,0,0
109,0,0,0,0,0,0,0,0,0,0,0,0,0,0,1
110,29,2,15,0,5,0,0,4,11,0,0,2,2,4,1
111,28,5,13,4,6,3,3,5,8,0,1,5,2,17,1
112,29,4,13,0,3,1,1,5,12,0,0,2,3,9,0
113,36,10,17,4,5,0,0,1,3,0,1,3,3,24,1
114,36,7,12,1,2,0,0,2,6,0,3,5,1,15,0
115,35,5,13,3,6,2,2,6,5,0,2,3,5,15,0
116,40,6,11,1,3,8,8,3,5,0,4,3,2,21,1
117,25,4,7,3,4,4,4,2,4,1,2,2,0,15,1
118,26,2,13,0,6,4,5,5,4,0,1,4,2,8,0
119,38,5,12,1,6,4,4,4,10,0,2,3,3,15,0
120,27,7,15,5,7,4,4,4,4,0,1,2,2,23,1
121,23,4,10,2,5,3,4,2,6,1,0,4,2,13,1
122,33,4,10,0,3,3,3,4,8,0,2,1,1,11,1
123,44,12,21,3,7,7,7,3,3,0,4,2,4,34,1
124,41,12,23,3,9,5,5,6,8,1,1,5,2,32,0
125,36,6,15,2,5,0,0,6,5,1,0,4,4,14,0
126,39,8,13,1,3,3,3,3,6,0,2,1,5,20,0
127,43,8,12,4,5,7,7,3,5,0,2,5,3,27,0
128,35,10,18,3,8,4,4,6,7,1,2,2,2,27,1
129,34,6,11,2,4,2,2,5,5,1,1,2,7,16,1
130,44,9,15,2,4,3,3,6,8,0,1,1,2,23,1
131,44,7,17,0,6,1,1,2,8,0,1,1,5,15,0
132,29,5,9,1,3,2,2,1,2,0,0,4,3,13,1
133,25,5,9,2,3,0,0,2,2,0,1,0,4,12,0
134,38,10,18,2,5,1,1,2,13,0,2,2,0,23,1
135,24,5,5,3,3,1,1,0,8,0,1,3,3,14,1
136,22,1,7,0,3,2,2,0,4,0,2,5,1,4,1
137,30,7,10,1,2,3,5,4,2,0,1,4,5,18,0
138,30,2,7,0,2,3,3,2,5,0,0,1,3,7,0
139,45,13,21,5,7,2,2,11,2,0,2,1,2,33,0
140,35,7,17,4,8,2,2,6,7,1,0,5,5,20,0
141,37,9,18,3,7,8,9,9,5,0,1,2,3,29,1
142,32,4,11,1,4,0,0,3,5,0,0,3,4,9,0
143,35,8,16,1,3,5,5,1,7,2,0,3,4,22,0
144,39,10,18,2,5,1,1,7,6,1,2,3,3,23,1
145,30,6,15,2,4,1,1,3,3,0,2,3,3,15,0
146,40,8,19,4,10,2,2,4,12,0,3,4,5,22,1
147,38,8,15,4,6,4,4,9,6,0,2,2,1,24,1
148,24,7,14,5,8,0,0,3,1,1,1,1,3,19,0
149,32,4,10,2,4,0,1,0,5,0,1,2,3,10,0
150,35,6,13,2,5,1,1,2,5,0,0,3,2,15,0
151,31,4,12,1,3,2,3,6,6,0,0,4,2,11,0
152,20,3,8,1,2,1,1,0,2,0,0,4,1,8,0
153,30,7,16,2,3,0,0,6,6,0,1,4,4,16,0
154,36,7,13,4,6,5,5,3,8,0,0,2,3,23,1
155,28,3,11,1,4,3,3,5,4,1,1,5,5,10,1
156,49,13,23,5,8,4,4,6,5,0,2,3,6,35,0
157,31,2,14,1,6,1,1,6,9,0,1,4,6,6,0
158,32,3,8,1,3,5,5,4,8,0,2,5,3,12,1
159,42,10,21,3,5,5,6,8,4,1,2,2,2,28,1
160,42,8,23,2,6,2,2,6,5,0,2,3,2,20,1
161,32,11,17,3,6,2,2,6,8,0,1,4,3,27,0
162,36,10,13,3,4,4,4,5,5,0,0,1,5,27,0
163,24,7,11,2,4,2,2,3,9,0,0,4,1,18,1
164,33,2,12,0,4,0,1,5,4,2,2,4,5,4,0
165,37,7,12,1,3,6,7,7,10,0,6,4,4,21,1
166,0,0,0,0,0,0,0,0,0,0,0,0,0,0,1
167,30,9,15,3,8,0,0,4,4,0,0,3,5,21,0
168,23,4,8,2,3,0,0,2,2,0,1,5,2,10,0
169,30,7,11,3,4,3,3,3,8,0,0,2,2,20,0
170,0,0,0,0,0,0,0,0,0,0,0,0,0,0,0
171,0,0,0,0,0,0,0,0,0,0,0,0,0,0,0
172,0,0,0,0,0,0,0,0,0,0,0,0,0,0,1
173,0,0,0,0,0,0,0,0,0,0,0,0,0,0,0
174,0,0,0,0,0,0,0,0,0,0,0,0,0,0,0
175,0,0,0,0,0,0,0,0,0,0,0,0,0,0,1
176,0,0,0,0,0,0,0,0,0,0,0,0,0,0,1
177,0,0,0,0,0,0,0,0,0,0,0,0,0,0,0
178,29,5,15,2,6,0,0,2,3,0,0,2,3,12,0
179,36,8,18,2,7,0,0,6,5,0,3,3,5,18,0
180,38,12,19,6,8,2,3,6,7,0,4,0,1,32,1
181,27,6,16,2,7,1,1,2,6,0,2,4,4,15,0
182,26,1,7,0,3,1,2,3,8,1,1,1,0,3,1
183,38,10,14,2,5,7,8,5,12,0,3,4,3,29,1
184,29,4,14,3,8,0,0,2,9,0,4,1,5,11,0
185,43,7,9,1,2,1,2,7,10,0,2,3,3,16,0
186,36,13,17,6,9,4,7,7,7,2,0,3,1,36,1
187,34,5,14,3,6,1,1,0,5,0,2,4,2,14,1
188,32,3,10,1,4,2,2,7,5,0,1,2,2,9,1
189,38,3,10,0,2,2,2,3,8,2,2,2,2,8,0
190,28,4,13,3,5,0,0,2,4,0,0,2,4,11,0
191,40,13,21,6,9,4,4,2,6,0,2,5,2,36,0
192,33,3,6,3,5,2,2,3,6,1,0,3,3,11,1
193,10,3,7,1,3,2,2,0,2,0,2,1,1,9,1
194,0,0,0,0,0,0,0,0,0,0,0,0,0,0,0
195,0,0,0,0,0,0,0,0,0,0,0,0,0,0,1
196,0,0,0,0,0,0,0,0,0,0,0,0,0,0,0
197,0,0,0,0,0,0,0,0,0,0,0,0,0,0,0
198,9,5,7,2,3,0,0,1,1,0,1,1,0,12,1
199,24,7,11,1,2,0,0,4,3,0,0,3,2,15,0
200,16,4,7,2,4,0,0,2,2,0,1,0,3,10,1
201,9,0,3,0,1,0,0,3,1,0,0,0,1,0,1
202,0,0,0,0,0,0,0,0,0,0,0,0,0,0,1
203,0,0,0,0,0,0,0,0,0,0,0,0,0,0,0
204,0,0,0,0,0,0,0,0,0,0,0,0,0,0,0
205,0,0,0,0,0,0,0,0,0,0,0,0,0,0,0
206,0,0,0,0,0,0,0,0,0,0,0,0,0,0,0
207,0,0,0,0,0,0,0,0,0,0,0,0,0,0,1
208,0,0,0,0,0,0,0,0,0,0,0,0,0,0,0
209,0,0,0,0,0,0,0,0,0,0,0,0,0,0,1
210,0,0,0,0,0,0,0,0,0,0,0,0,0,0,0
211,0,0,0,0,0,0,0,0,0,0,0,0,0,0,0
212,0,0,0,0,0,0,0,0,0,0,0,0,0,0,0
213,0,0,0,0,0,0,0,0,0,0,0,0,0,0,0
214,0,0,0,0,0,0,0,0,0,0,0,0,0,0,0
215,0,0,0,0,0,0,0,0,0,0,0,0,0,0,0
216,0,0,0,0,0,0,0,0,0,0,0,0,0,0,1
217,0,0,0,0,0,0,0,0,0,0,0,0,0,0,0
218,0,0,0,0,0,0,0,0,0,0,0,0,0,0,1
219,0,0,0,0,0,0,0,0,0,0,0,0,0,0,0
220,0,0,0,0,0,0,0,0,0,0,0,0,0,0,0
221,0,0,0,0,0,0,0,0,0,0,0,0,0,0,0
222,0,0,0,0,0,0,0,0,0,0,0,0,0,0,0
223,0,0,0,0,0,0,0,0,0,0,0,0,0,0,0
224,0,0,0,0,0,0,0,0,0,0,0,0,0,0,0
225,0,0,0,0,0,0,0,0,0,0,0,0,0,0,0
226,0,0,0,0,0,0,0,0,0,0,0,0,0,0,0
227,0,0,0,0,0,0,0,0,0,0,0,0,0,0,1
228,0,0,0,0,0,0,0,0,0,0,0,0,0,0,0
229,0,0,0,0,0,0,0,0,0,0,0,0,0,0,0
230,12,1,3,0,1,0,0,2,6,0,1,2,1,2,1
231,23,4,8,2,4,3,3,4,10,0,1,4,1,13,1
232,24,10,15,4,5,1,1,1,2,0,1,3,5,25,0
233,23,8,14,2,4,1,1,5,4,0,2,6,1,19,1
234,12,1,2,0,0,0,0,0,4,0,0,0,2,2,1
235,30,2,14,0,6,1,3,7,3,0,2,3,4,5,1
236,43,10,20,6,10,0,1,5,7,0,1,3,4,26,0
237,43,6,16,2,7,9,10,4,4,0,3,4,5,23,1
238,39,3,15,2,6,4,5,6,8,0,1,2,3,12,0
239,36,8,14,2,6,3,3,5,6,0,2,3,3,21,1
240,30,6,16,2,6,4,4,3,5,0,1,0,0,18,0
241,37,7,17,3,6,2,2,5,3,0,3,5,4,19,0
242,33,4,12,0,5,4,4,1,7,0,3,3,4,12,1
243,29,7,12,0,3,3,3,4,6,1,1,6,3,17,1
244,33,9,17,4,8,0,0,2,6,0,0,2,3,22,0
245,43,9,21,3,7,10,10,6,9,0,2,2,4,31,1
246,42,7,13,2,4,9,10,6,4,0,0,2,2,25,1
247,26,2,5,2,2,0,0,1,3,0,0,4,4,6,0
248,39,7,19,5,10,1,1,2,6,0,1,3,3,20,1
249,45,7,17,4,7,2,2,4,10,0,4,4,3,20,1
250,37,7,14,3,5,3,3,1,11,0,2,4,4,20,1
251,44,9,21,3,6,4,5,5,11,0,2,0,1,25,0
252,37,7,15,4,6,4,4,3,10,0,4,2,1,22,1
253,43,10,19,5,9,3,3,4,5,0,2,1,0,28,1
254,35,7,15,2,8,6,7,3,5,0,0,1,4,22,1
255,37,10,22,4,7,3,4,7,7,0,1,5,3,27,1
256,42,4,10,1,3,0,0,3,7,0,2,0,6,9,1
257,43,8,19,2,5,7,8,3,3,0,0,0,1,25,0
258,36,6,20,3,11,3,3,8,11,0,3,1,4,18,1
259,39,5,13,1,3,2,2,5,3,0,0,2,2,13,1
260,42,11,24,7,12,3,3,6,4,1,1,6,4,32,0
261,36,9,17,8,13,1,1,3,8,2,0,2,2,27,1
262,45,8,23,3,10,1,1,8,7,0,4,4,4,20,0
263,38,7,18,4,7,5,6,8,7,1,1,0,2,23,1
264,39,5,11,1,4,0,0,5,6,0,1,3,4,11,1
265,35,8,13,4,5,2,2,4,9,2,3,3,5,22,1
266,43,11,16,6,8,3,4,6,8,0,2,3,4,31,1
267,29,4,11,1,5,1,1,0,5,0,0,0,2,10,0
268,41,10,22,4,8,0,1,4,4,0,2,2,4,24,0
269,44,7,22,3,8,5,5,3,12,1,3,1,1,22,1
270,41,11,18,7,9,0,0,0,7,0,1,4,1,29,0
271,0,0,0,0,0,0,0,0,0,0,0,0,0,0,0
272,0,0,0,0,0,0,0,0,0,0,0,0,0,0,0
273,38,5,17,2,8,8,10,3,7,0,4,2,1,20,1
274,37,9,14,6,8,4,4,3,6,0,0,4,2,28,1
275,42,11,27,3,14,6,6,3,7,0,4,1,2,31,1
276,37,7,18,3,7,4,4,1,1,0,0,1,2,21,0
277,37,8,19,5,9,5,5,2,7,0,1,2,2,26,0
278,26,7,12,1,3,2,2,1,5,0,1,1,2,17,1
279,0,0,0,0,0,0,0,0,0,0,0,0,0,0,1
280,0,0,0,0,0,0,0,0,0,0,0,0,0,0,1
281,42,11,20,6,10,1,1,2,8,0,2,3,2,29,1
282,28,3,12,1,5,0,0,4,9,1,0,2,2,7,0
283,36,5,20,2,7,2,2,8,11,0,1,3,6,14,0
284,40,11,22,4,9,6,6,5,8,0,2,4,2,32,0
285,31,8,23,1,3,1,1,7,4,0,1,2,5,18,0
286,35,10,19,2,5,5,6,5,6,0,1,4,1,27,0
287,38,12,22,4,9,1,1,5,4,0,1,3,4,29,0
288,41,8,16,2,6,2,2,3,11,0,1,1,2,20,1
289,45,6,17,3,9,4,5,4,6,0,1,2,2,19,1
290,34,6,15,1,5,5,5,5,5,0,5,5,6,18,1
291,37,14,20,7,10,3,4,2,4,1,3,3,6,38,0
292,48,18,28,11,13,7,7,6,7,0,3,3,4,54,0
293,42,6,22,3,11,10,10,1,6,0,1,2,4,25,0
294,42,11,20,3,9,5,7,3,9,0,3,2,4,30,0
295,42,8,16,2,5,8,8,5,12,0,0,5,6,26,1
296,34,3,11,2,5,5,5,5,8,0,2,4,6,13,1
297,43,8,21,3,8,5,7,5,8,0,1,5,1,24,0
298,39,7,18,2,6,0,0,2,10,0,0,4,4,16,0
299,37,9,18,6,10,2,2,6,3,0,1,1,2,26,1
300,43,11,17,5,7,4,4,2,8,0,1,0,4,31,1
301,30,2,13,0,5,4,4,0,4,0,0,2,1,8,0
302,45,12,22,5,11,0,0,5,11,1,2,1,3,29,1
303,39,10,19,6,9,4,4,7,3,0,0,3,7,30,1
304,36,8,20,4,8,4,5,4,3,0,2,0,3,24,0
305,32,13,18,6,10,3,4,2,8,0,2,2,3,35,1
306,43,9,24,3,9,4,7,7,10,0,0,4,2,25,1
307,46,5,18,2,9,5,6,5,12,0,4,3,3,17,0
308,37,14,22,7,12,4,4,5,6,0,1,2,3,39,1
309,36,6,14,4,10,4,4,3,9,0,1,5,2,20,1
310,41,6,15,3,8,3,3,1,15,0,4,5,4,18,1
311,45,8,19,4,9,2,2,4,5,0,1,3,5,22,0
312,39,9,21,2,9,4,5,4,10,1,1,4,3,24,1
313,35,9,18,3,6,1,1,3,7,0,2,0,4,22,0
314,44,17,31,9,15,4,4,6,9,0,3,3,1,47,0
315,39,13,23,7,13,2,2,8,5,0,2,0,3,35,1
316,32,5,16,4,11,1,1,2,5,0,3,2,1,15,1
317,43,7,20,4,10,1,1,4,9,0,2,2,5,19,0
318,42,13,23,4,10,0,0,5,13,0,3,4,1,30,1
319,38,8,17,4,7,9,9,6,11,0,2,4,3,29,1
320,33,10,16,6,11,5,5,3,7,0,4,4,2,31,1
321,42,7,19,1,6,0,0,4,8,1,0,5,2,15,0
322,42,6,14,4,8,6,6,4,8,0,2,3,7,22,1
323,58,18,35,6,14,2,2,4,11,0,2,3,6,44,0
324,43,7,20,2,6,6,9,4,4,0,1,2,2,22,1
325,42,5,17,3,9,3,3,2,8,0,2,3,3,16,0
326,39,7,15,5,10,3,3,6,4,0,0,2,2,22,1
327,35,4,14,1,7,0,0,0,8,0,1,1,4,9,0
328,40,10,25,2,8,0,0,4,6,1,1,2,3,22,0
329,15,2,6,0,4,1,1,4,2,0,2,2,1,5,0
330,27,5,12,4,7,9,10,3,6,0,0,4,5,23,1
331,21,4,14,2,4,0,0,4,3,0,0,1,0,10,0
332,37,7,18,3,10,7,8,3,7,0,3,3,2,24,1
333,21,3,12,1,5,2,2,3,3,1,1,3,2,9,1
334,36,8,15,5,10,3,4,2,6,1,3,4,4,24,0
335,24,4,10,2,5,0,0,4,6,0,1,4,1,10,1
336,38,14,23,9,14,1,1,3,9,0,0,3,11,38,0
337,33,8,13,5,8,1,1,1,12,0,1,4,7,22,1
338,29,7,16,2,9,2,2,10,12,1,5,0,2,18,1
339,24,2,8,0,3,1,2,1,7,0,1,1,1,5,1
340,0,0,0,0,0,0,0,0,0,0,0,0,0,0,0
341,34,7,18,4,10,4,4,2,5,0,3,1,3,22,0
342,29,7,10,2,4,9,9,2,8,0,1,4,2,25,1
343,43,8,22,4,8,2,3,5,9,0,1,4,2,22,1
344,39,7,20,0,5,1,2,3,11,0,1,1,0,15,1
345,33,7,15,4,7,4,4,6,8,0,3,4,5,22,1
346,0,0,0,0,0,0,0,0,0,0,0,0,0,0,0
347,0,0,0,0,0,0,0,0,0,0,0,0,0,0,0
348,37,8,21,2,9,4,5,3,11,0,1,1,5,22,0
349,42,7,20,2,5,0,0,8,9,1,3,2,2,16,1
350,42,9,19,6,10,5,5,4,8,0,1,3,6,29,0
351,45,13,26,4,10,2,3,11,5,0,0,4,3,32,0
352,40,14,24,5,8,3,3,2,10,1,3,1,7,36,1
353,43,8,15,3,7,8,10,3,10,1,5,1,3,27,1
354,32,5,14,1,5,11,11,1,5,0,3,4,8,22,0
355,45,7,16,2,7,6,7,6,15,1,0,4,1,22,1
356,46,14,32,5,16,10,12,6,9,2,0,4,4,43,0
357,44,13,25,6,11,1,1,4,10,0,3,3,8,33,1
358,39,5,12,1,5,9,11,2,9,0,0,6,6,20,0
359,42,8,17,4,7,10,11,6,7,0,3,2,6,30,0
360,33,11,19,2,7,4,4,4,11,0,3,3,3,28,1
361,40,12,28,6,16,0,0,2,15,0,4,1,5,30,0
362,33,5,15,4,9,4,4,6,10,0,3,2,1,18,1
363,35,5,14,2,3,2,4,3,7,1,2,4,2,14,1
364,42,5,17,2,6,3,3,6,11,0,1,1,2,15,1
365,34,5,17,1,6,3,5,13,16,0,1,3,7,14,1
366,48,10,23,5,10,4,5,9,11,1,2,3,5,29,1
367,30,4,10,1,5,0,0,5,8,0,0,1,6,9,1
368,44,13,22,8,15,2,3,2,12,0,2,4,4,36,1
369,35,7,15,1,7,7,8,8,9,0,5,5,9,22,1
370,38,5,17,1,5,3,3,3,10,1,1,5,2,14,1
371,36,5,18,2,11,3,4,0,6,0,1,2,7,15,1
372,45,11,25,2,10,10,10,5,7,0,3,5,7,34,0
373,40,7,18,3,8,2,3,7,4,0,1,1,4,19,1
374,40,7,19,4,13,6,7,5,7,0,0,4,2,24,0
375,38,11,18,6,10,9,11,3,11,0,3,2,7,37,0
376,38,10,22,2,9,6,6,6,8,0,4,2,0,28,1
377,41,9,20,3,11,3,4,3,9,0,0,2,2,24,0
378,37,12,21,6,10,3,3,3,15,0,1,3,5,33,0
379,35,13,23,5,8,7,10,7,8,0,2,1,2,38,1
380,38,8,23,2,7,5,6,2,4,0,4,5,6,23,0
381,34,8,10,4,4,2,2,4,7,1,1,3,3,22,1
382,38,14,26,8,13,8,9,2,4,0,0,0,2,44,1
383,38,8,18,1,7,0,0,3,11,0,0,2,2,17,0
384,43,13,19,4,6,4,4,3,9,0,1,3,2,34,1
385,41,10,20,3,10,5,6,2,9,0,0,2,2,28,0
386,27,7,11,6,9,3,3,5,8,0,1,3,7,23,1
387,39,8,14,4,4,9,9,5,7,0,1,3,5,29,0
388,28,4,14,2,11,2,2,3,11,0,1,1,2,12,0
389,36,5,14,1,4,2,3,1,8,0,1,2,0,13,1
390,38,8,15,5,8,4,4,2,6,0,2,5,2,25,1
391,32,7,13,3,4,0,0,5,8,0,2,2,2,17,1
392,36,6,15,3,9,4,5,8,9,0,0,0,4,19,1
393,28,2,10,1,5,0,0,3,5,0,0,0,5,5,0
394,30,9,19,5,11,4,4,11,11,1,0,2,4,27,1
395,43,13,27,4,11,4,6,4,7,0,1,3,6,34,0
396,32,7,18,2,5,3,3,8,6,0,2,5,4,19,1
397,22,6,10,1,4,1,1,3,4,0,1,3,0,14,1
398,30,5,10,1,4,2,2,3,7,0,1,1,0,13,1
399,30,7,16,1,5,3,3,2,9,0,0,1,1,18,1
400,22,4,12,1,5,1,1,2,4,0,3,1,3,10,1
401,29,5,11,2,5,1,1,5,11,0,1,3,4,13,0
402,36,8,17,5,10,6,7,4,8,0,3,1,4,27,0
403,40,11,24,6,12,9,9,4,5,0,1,4,5,37,1
404,32,9,13,3,6,2,2,3,5,0,0,1,3,23,1
405,38,9,14,3,5,10,10,3,10,0,1,2,4,31,1
406,39,5,13,1,4,9,9,6,6,0,1,0,6,20,0
407,38,13,22,5,8,2,3,5,8,2,1,1,3,33,1
408,41,10,21,6,12,6,8,4,1,0,1,2,2,32,0
409,43,10,17,3,8,0,0,3,10,0,2,2,1,23,1
410,31,5,15,1,4,0,0,0,10,0,1,2,4,11,0
411,29,5,12,2,5,1,1,2,5,0,1,2,1,13,1
412,29,12,18,5,10,2,2,1,16,0,3,2,5,31,1
413,34,8,19,2,7,6,6,7,6,0,4,1,2,24,0
414,35,12,20,4,5,2,2,10,12,0,2,3,6,30,1
415,45,16,29,7,14,8,8,1,5,0,3,3,4,47,0
416,42,10,21,7,13,5,5,5,15,0,3,4,5,32,1
417,0,0,0,0,0,0,0,0,0,0,0,0,0,0,1
418,45,6,16,2,6,0,0,3,7,0,3,1,7,14,1
419,31,9,17,1,7,5,5,1,8,0,2,4,2,24,0
420,43,5,12,3,8,3,4,2,15,0,1,3,3,16,0
421,42,10,20,7,14,6,7,7,7,1,1,3,2,33,1
422,44,5,10,4,7,3,3,3,4,0,2,2,8,17,0
423,45,9,24,2,8,4,7,4,9,0,0,1,2,24,1
424,46,7,17,3,7,16,16,5,9,0,3,4,2,33,0
425,18,2,7,0,2,8,11,1,3,0,0,6,3,12,1
426,27,6,9,3,4,5,5,5,6,0,1,2,3,20,1
427,24,8,11,4,7,5,5,6,6,1,2,2,3,25,1
428,17,5,9,3,3,0,0,1,4,0,1,2,2,13,1
429,32,2,10,1,7,2,2,3,7,0,3,4,1,7,0
430,0,0,0,0,0,0,0,0,0,0,0,0,0,0,0
431,31,9,13,4,5,5,8,2,6,1,3,1,6,27,1
432,34,5,15,3,7,4,4,2,11,0,2,1,3,17,1
433,37,7,17,2,9,8,9,10,5,0,6,5,4,24,1
434,34,10,19,3,8,8,8,5,10,0,3,3,2,31,1
435,31,6,18,1,5,8,8,5,6,0,2,1,3,21,1
436,34,9,18,4,8,6,6,6,7,0,1,4,5,28,1
437,40,13,19,6,9,2,2,9,5,0,4,2,5,34,1
438,34,10,20,4,10,4,4,2,10,0,5,5,10,28,0
439,36,7,18,0,7,2,2,6,5,0,0,2,3,16,0
440,32,6,12,3,7,2,2,3,5,0,0,5,3,17,1
441,28,8,15,3,6,0,1,5,9,0,1,3,1,19,1
442,30,10,19,5,9,5,5,4,15,0,1,0,3,30,1
443,25,3,9,2,6,0,0,5,10,0,2,2,4,8,1
444,38,5,15,2,6,3,4,6,6,0,1,0,1,15,1
445,37,12,19,8,11,8,9,6,7,1,3,2,2,40,1
446,24,9,13,6,8,4,5,5,8,0,0,1,1,28,1
447,32,9,20,1,10,7,7,4,6,2,1,4,4,26,1
448,28,5,9,1,3,5,6,3,10,0,1,2,1,16,1
449,36,8,17,3,9,3,3,4,5,0,0,2,4,22,1
450,31,8,17,3,6,0,0,3,11,1,4,0,2,19,1
451,36,5,14,1,5,8,9,6,7,0,1,2,3,19,1
452,31,10,20,1,7,0,0,4,7,1,3,3,3,21,1
453,37,8,15,3,5,1,1,7,7,0,0,3,4,20,1
454,37,9,22,3,11,8,9,3,8,0,2,1,1,29,1
455,40,11,21,6,10,6,6,7,7,0,1,1,6,34,1
456,39,9,25,1,10,0,0,7,6,0,4,2,3,19,0
457,42,14,24,5,12,1,1,7,9,1,4,0,4,34,1
458,26,5,12,1,5,1,1,2,11,0,3,1,1,12,1
459,30,10,14,2,5,0,0,2,6,0,3,0,7,22,0
460,36,5,12,1,5,3,4,9,7,0,2,3,5,14,0
461,31,9,18,4,9,3,4,3,6,0,3,3,3,25,1
462,27,4,7,3,6,2,2,3,9,0,3,3,3,13,1
463,34,10,18,5,11,7,7,5,12,0,1,3,0,32,1
464,31,7,14,1,4,4,4,9,6,0,4,2,2,19,1
465,35,8,17,4,8,1,1,3,15,0,4,5,5,21,1
466,35,8,15,3,8,4,4,1,10,0,2,1,1,23,1
467,29,10,16,4,9,3,3,2,11,0,0,2,2,27,1
468,32,11,19,7,10,3,5,5,3,0,2,1,3,32,1
469,31,6,13,2,6,5,5,3,6,0,2,2,6,19,0
470,33,9,18,2,8,7,8,7,11,1,3,0,2,27,1
471,25,7,13,2,5,4,4,1,8,2,1,2,1,20,1
472,34,7,12,3,5,5,6,3,10,0,1,3,6,22,1
473,29,3,11,2,7,2,2,4,11,0,2,0,6,10,1
474,33,6,16,1,5,9,9,4,11,0,2,1,3,22,1
475,43,9,23,2,9,1,1,4,9,0,3,3,3,21,0
476,34,10,22,5,11,7,9,7,6,0,3,1,2,32,0
477,37,9,23,4,9,3,3,4,7,1,2,2,1,25,1
478,29,6,15,2,6,9,10,5,9,0,3,2,2,23,1
479,37,16,26,10,16,9,11,4,4,0,1,3,3,51,1
480,36,8,19,4,9,6,7,2,9,2,2,3,1,26,0
481,31,8,18,5,9,1,3,6,0,0,2,0,3,22,1
482,32,7,20,3,12,3,4,5,6,0,3,2,1,20,1
483,36,9,23,2,10,5,5,5,8,0,3,1,3,25,1
484,27,6,16,3,10,0,0,9,5,0,1,1,5,15,1
485,32,8,17,4,8,5,5,4,11,0,4,2,2,25,1
486,0,0,0,0,0,0,0,0,0,0,0,0,0,0,0
487,34,11,18,5,9,5,5,0,8,0,2,1,0,32,1
488,34,5,17,3,9,5,5,3,6,0,1,3,4,18,0
489,25,8,13,3,4,3,3,6,5,0,2,0,2,22,1
490,38,14,22,5,8,4,4,4,5,0,1,1,5,37,1
491,29,8,16,6,12,4,4,2,7,0,1,4,4,26,0
492,37,6,16,6,13,1,2,1,11,2,2,3,5,19,1
493,31,6,11,5,8,5,6,2,7,1,2,2,3,22,1
494,32,3,9,2,2,4,4,1,4,0,3,1,4,12,1
495,36,14,24,7,13,1,2,6,5,0,4,3,4,36,1
496,34,4,15,1,7,0,0,5,11,0,1,1,3,9,1
497,0,0,0,0,0,0,0,0,0,0,0,0,0,0,0
498,27,8,15,6,10,3,3,3,11,0,3,2,1,25,1
499,33,5,14,2,6,7,7,4,9,0,3,2,6,19,1
500,30,4,11,2,6,6,6,4,12,0,0,1,4,16,1
501,27,4,17,2,10,6,6,2,11,0,0,0,3,16,1
502,32,8,18,3,6,5,5,3,3,0,3,0,0,24,1
503,28,8,14,5,8,3,3,5,6,0,2,1,2,24,1
504,35,13,22,5,9,2,2,2,10,0,1,2,2,33,1
505,34,12,22,8,12,6,6,3,10,1,3,3,4,38,1
506,30,8,13,6,9,3,3,4,6,0,1,4,6,25,1
507,36,8,15,4,6,7,7,1,4,0,1,3,3,27,1
508,34,10,22,6,11,2,2,8,5,0,0,3,6,28,1
509,27,4,12,1,4,2,3,4,3,0,1,1,1,11,1
510,30,9,17,5,10,1,2,4,6,0,1,2,4,24,0
511,35,9,18,5,8,2,2,6,9,0,1,3,2,25,0
512,35,17,23,8,13,3,3,2,10,0,0,2,4,45,1
513,35,11,21,5,11,7,8,4,7,0,4,1,3,34,1
514,29,6,10,3,6,0,0,4,8,0,1,2,3,15,1
515,19,4,10,2,4,0,0,4,7,0,5,1,2,10,1
516,40,13,25,4,13,4,7,4,5,0,3,4,3,34,1
517,37,9,21,3,9,1,1,4,6,0,1,1,5,22,1
518,44,10,29,7,18,13,14,5,9,0,0,3,3,40,1
519,38,11,20,6,8,11,12,8,9,0,1,4,5,39,1
520,38,8,18,4,8,2,2,2,7,0,4,1,4,22,1
521,41,7,19,2,11,3,4,5,6,0,0,0,3,19,0
522,40,8,21,2,10,5,7,2,6,1,1,1,4,23,0
523,39,11,22,4,9,7,9,8,5,0,2,4,4,33,1
524,33,6,16,6,13,0,0,7,5,0,6,0,5,18,1
525,39,11,25,8,13,2,2,6,10,0,0,3,4,32,1
526,39,13,22,6,11,2,3,6,5,0,2,3,1,34,1
527,37,13,21,5,11,2,3,3,6,0,1,2,6,33,1
528,35,12,19,7,9,9,10,5,7,1,2,2,4,40,1
529,31,7,18,6,13,3,3,1,4,0,0,3,0,23,0
530,42,7,21,3,11,9,12,8,6,0,5,3,3,26,1
531,43,10,20,2,6,4,4,4,8,0,2,1,4,26,1
532,42,5,23,2,15,7,8,6,5,0,0,4,6,19,0
533,44,10,20,7,13,0,0,6,6,1,3,2,6,27,0
534,41,8,17,4,7,2,2,2,7,0,1,1,4,22,1
535,42,13,23,7,13,4,4,7,4,0,2,2,5,37,1
536,43,8,19,3,11,6,8,6,8,0,3,3,3,25,1
537,19,5,7,3,5,1,2,4,2,0,0,6,4,14,1
538,26,6,14,6,11,12,15,2,7,1,1,1,2,30,0
539,26,5,13,1,8,3,5,1,7,0,1,4,4,14,0
540,17,6,7,1,1,6,6,1,6,0,1,1,0,19,1
541,22,7,13,5,10,0,0,3,4,0,0,0,3,19,0
542,29,9,14,4,8,2,2,4,10,0,4,4,5,24,1
543,36,14,26,5,12,7,7,6,7,0,2,1,2,40,1
544,27,9,15,4,9,3,4,7,6,0,1,4,1,25,1
545,36,17,27,8,14,11,11,4,9,0,4,3,2,53,1
546,28,10,16,4,8,6,6,3,3,1,3,2,3,30,1
547,33,8,17,7,11,8,9,5,4,0,1,3,0,31,1
548,35,12,22,8,16,2,3,7,10,1,3,1,4,34,1
549,39,8,18,2,10,6,7,6,3,0,2,1,6,24,1
550,37,7,18,3,7,5,6,5,5,0,3,1,5,22,1
551,35,9,21,3,10,7,7,5,5,1,5,1,4,28,1
552,38,15,25,8,13,8,8,5,4,0,2,3,3,46,1
553,44,13,31,5,16,3,3,3,6,0,1,1,4,34,1
554,40,13,23,5,10,6,7,2,9,0,2,1,7,37,1
555,37,11,22,6,14,12,12,11,4,0,3,2,7,40,1
556,36,9,20,3,11,6,6,5,4,0,4,2,6,27,1
557,28,8,16,3,8,0,0,4,7,0,3,0,4,19,1
558,30,10,21,4,12,0,0,4,9,0,2,1,0,24,1
559,31,11,20,9,16,10,11,6,8,0,2,2,6,41,1
560,30,4,7,3,6,8,8,4,6,0,3,1,1,19,1
561,37,9,20,4,8,4,4,6,5,0,2,2,2,26,1
562,31,14,18,8,11,4,4,3,5,0,0,2,5,40,1
563,38,14,24,9,15,7,9,2,7,0,0,4,3,44,1
564,32,11,17,5,9,1,4,5,2,0,1,2,4,28,1
565,36,11,23,3,10,4,6,7,10,0,3,1,4,29,1
566,47,9,27,6,13,14,14,11,8,0,2,4,8,38,1
567,35,10,22,2,9,6,7,7,5,0,1,2,2,28,0
568,30,10,14,2,5,3,5,2,7,0,1,4,3,25,1
569,39,7,14,2,6,10,11,10,9,0,2,2,6,26,1
570,34,5,14,2,8,4,4,5,9,0,3,2,3,16,1
571,37,6,15,1,4,6,6,7,7,0,2,3,3,19,1
572,30,7,16,6,13,3,4,14,10,0,2,3,2,23,1
573,0,0,0,0,0,0,0,0,0,0,0,0,0,0,0
574,0,0,0,0,0,0,0,0,0,0,0,0,0,0,1
575,14,2,6,1,5,0,0,1,4,0,2,1,2,5,1
576,32,12,21,5,10,1,1,3,4,0,2,4,2,30,1
577,26,6,13,4,8,1,1,1,6,0,3,2,3,17,1
578,29,8,18,4,11,6,6,3,9,0,1,2,1,26,1
579,38,12,21,8,14,6,7,6,11,1,1,3,4,38,1
580,38,11,27,4,11,5,6,2,6,0,1,2,1,31,1
581,40,13,25,5,12,7,7,5,9,1,3,1,8,38,0
582,30,9,18,8,16,0,0,6,3,0,1,3,3,26,1
583,37,13,26,7,15,5,6,7,5,0,2,1,2,38,0
584,28,12,18,7,12,4,4,5,4,0,3,3,1,35,1
585,34,8,18,3,9,6,6,7,11,1,2,2,2,25,1
586,37,11,19,8,15,9,9,10,12,0,1,1,2,39,1
587,28,12,20,6,9,7,7,2,3,0,5,0,1,37,1
588,32,4,11,3,7,3,3,2,9,1,3,2,0,14,1
589,34,9,19,5,11,0,0,5,6,2,1,3,8,23,1
590,32,5,17,3,11,0,0,4,4,0,3,1,3,13,1
591,36,19,28,11,15,2,3,7,2,0,3,3,7,51,1
592,38,10,26,1,9,5,5,6,10,0,3,2,3,26,1
593,38,12,24,7,16,4,4,5,9,0,1,2,1,35,1
594,30,9,17,5,10,3,4,9,9,1,1,1,2,26,1
595,29,10,18,6,13,0,0,5,6,0,4,1,2,26,1
596,26,12,23,7,13,0,0,3,5,0,2,4,3,31,0
597,36,5,15,3,8,10,12,3,9,0,3,2,3,23,1
598,36,14,22,5,11,3,3,6,8,0,3,2,2,36,1
599,36,14,29,6,12,8,8,7,7,1,1,0,7,42,1
600,34,20,27,10,15,1,1,7,8,1,0,1,5,51,1
601,38,14,24,12,16,6,8,3,6,0,2,1,3,46,1
602,0,0,0,0,0,0,0,0,0,0,0,0,0,0,1
603,37,12,25,5,15,4,5,4,4,1,1,2,1,33,1
604,34,6,20,1,10,5,5,6,4,0,1,2,4,18,0
605,37,14,24,7,13,6,6,13,3,0,4,3,5,41,1
606,32,4,12,3,9,1,2,3,10,0,3,2,3,12,1
607,29,13,23,7,14,1,2,3,4,0,2,2,3,34,1
608,35,12,24,7,16,4,4,3,6,0,0,4,1,35,1
609,31,10,16,4,9,3,4,5,5,0,2,1,1,27,1
610,28,12,20,8,13,2,2,6,4,0,0,2,2,34,1
611,34,12,26,6,12,1,1,9,10,0,2,2,1,31,1
612,38,4,18,1,12,5,5,6,6,0,2,0,2,14,0
613,35,6,17,2,9,5,6,7,11,1,3,4,5,19,1
614,37,12,23,4,10,5,6,4,5,0,3,3,1,33,1
615,35,9,18,5,12,10,11,8,8,0,4,0,3,33,1
616,33,7,16,2,9,4,5,3,8,0,4,0,4,20,1
617,35,9,20,6,8,2,2,7,7,0,5,3,5,26,1
618,42,11,23,5,10,4,5,7,4,0,2,4,5,31,1
619,37,9,19,8,14,3,3,5,6,0,1,2,9,29,0
620,35,13,21,9,13,4,4,6,7,1,2,2,4,39,1
621,43,7,25,4,14,3,3,6,15,0,3,4,3,21,0
622,36,11,19,3,7,2,2,5,9,0,2,2,3,27,1
623,34,7,22,3,14,0,0,9,8,0,1,1,2,17,1
624,35,13,22,4,9,7,7,5,5,0,2,4,4,37,1
625,30,15,24,10,19,6,6,4,6,0,2,2,2,46,1
626,20,8,13,5,7,3,3,7,2,0,3,0,4,24,1
627,0,0,0,0,0,0,0,0,0,0,0,0,0,0,1
628,0,0,0,0,0,0,0,0,0,0,0,0,0,0,0
629,19,2,9,1,7,1,1,0,5,0,1,0,5,6,1
630,0,0,0,0,0,0,0,0,0,0,0,0,0,0,1
631,0,0,0,0,0,0,0,0,0,0,0,0,0,0,1
632,0,0,0,0,0,0,0,0,0,0,0,0,0,0,1
633,0,0,0,0,0,0,0,0,0,0,0,0,0,0,0
634,37,16,32,5,16,3,3,9,8,0,0,2,4,40,1
635,37,10,20,5,11,4,4,5,11,0,1,2,4,29,1
636,40,9,22,6,14,2,2,10,7,0,3,3,7,26,0
637,30,9,15,5,8,5,5,2,3,0,1,0,3,28,1
638,30,7,17,3,11,7,8,5,3,0,2,1,1,24,0
639,39,6,20,2,10,5,7,5,5,0,2,2,6,19,0
640,37,9,20,3,8,10,10,7,6,0,5,0,5,31,1
641,41,9,22,6,14,7,9,10,9,0,2,3,3,31,1
642,40,13,24,7,12,3,3,5,8,0,0,1,3,36,1
643,36,4,15,3,8,0,0,5,6,0,0,2,5,11,1
644,25,7,11,4,8,0,0,9,4,1,0,4,4,18,1
645,31,6,13,3,9,4,4,1,3,0,2,4,6,19,0
646,40,11,25,7,13,9,10,5,6,0,2,3,3,38,1
647,40,8,21,5,15,4,4,7,4,3,0,2,4,25,0
648,35,8,20,6,13,8,9,2,1,0,1,6,4,30,0
649,39,6,19,4,14,1,1,5,2,1,1,4,4,17,0
650,17,2,6,1,5,3,5,2,3,0,2,1,1,8,0
651,23,4,8,3,6,3,3,3,5,0,3,3,1,14,1
652,26,3,8,2,5,5,5,2,5,1,4,1,4,13,1
653,27,7,17,2,9,6,7,9,4,2,0,2,2,22,1
654,18,5,9,2,5,2,3,3,3,0,2,1,1,14,1
655,31,11,19,6,12,4,4,5,5,0,3,2,1,32,1
656,28,12,21,8,13,3,3,4,2,0,0,2,2,35,1
657,34,9,18,3,10,5,6,3,4,0,0,1,4,26,0
658,34,8,19,4,10,3,4,1,8,0,1,3,4,23,1
659,34,9,17,5,8,5,5,1,3,0,0,5,1,28,1
660,30,10,21,5,10,3,4,4,3,0,1,3,4,28,1
661,30,6,14,2,6,7,8,1,7,1,2,1,1,21,1
662,31,5,17,0,10,3,3,8,10,1,2,3,2,13,0
663,36,16,26,13,17,1,2,5,5,0,2,2,4,46,1
664,31,8,12,4,8,4,4,3,6,0,1,1,5,24,1
665,30,10,17,7,13,6,6,5,6,0,1,1,4,33,1
666,37,9,17,5,9,7,7,6,6,0,2,2,3,30,1
667,37,10,19,3,9,12,13,3,7,0,1,3,3,35,1
668,36,7,20,2,10,0,0,3,8,1,4,4,2,16,1
669,35,7,21,1,11,5,5,5,5,0,1,4,3,20,1
670,30,6,11,2,6,8,8,6,6,0,1,1,1,22,1
671,29,11,18,7,12,2,2,5,9,0,1,1,1,31,1
672,36,8,17,4,10,4,4,5,5,0,3,1,3,24,1
673,37,13,19,4,8,4,4,8,6,0,1,4,6,34,1
674,38,6,17,4,11,9,11,3,3,0,2,2,3,25,1
675,38,9,22,4,13,6,6,3,5,1,3,6,5,28,0
676,30,10,15,5,7,6,6,2,1,0,1,2,3,31,1
677,29,4,10,2,7,3,4,4,11,1,2,4,0,13,1
678,33,7,16,0,8,5,5,4,6,0,7,3,3,19,1
679,36,7,16,3,9,9,9,5,2,0,2,2,3,26,1
680,31,4,14,3,11,6,6,8,3,0,0,3,4,17,0
681,32,6,13,2,5,8,8,4,9,0,1,3,0,22,1
682,34,11,23,5,9,3,4,4,7,0,1,2,2,30,1
683,34,3,14,2,8,0,0,10,8,0,1,0,3,8,1
684,27,6,11,5,8,2,2,3,6,0,0,3,3,19,1
685,30,8,18,4,9,5,5,3,4,0,3,0,0,25,1
686,33,6,19,3,13,0,0,2,7,0,5,5,2,15,1
687,35,7,16,5,10,6,6,3,8,0,2,1,5,25,1
688,37,4,11,2,7,5,6,3,3,0,3,4,3,15,0
689,36,9,18,3,6,7,7,7,7,0,0,3,2,28,1
690,30,5,12,3,6,1,1,4,5,0,1,2,1,14,1
691,35,8,18,3,9,3,3,3,5,0,0,2,3,22,1
692,36,12,25,5,13,6,8,7,5,0,1,1,5,35,1
693,42,15,27,5,13,5,5,3,6,1,1,2,4,40,0
694,37,11,22,5,11,3,3,4,6,0,2,3,4,30,1
695,36,8,21,4,11,4,5,8,9,1,1,0,3,24,1
696,30,9,17,3,9,3,3,2,7,0,5,0,8,24,1
697,31,7,20,5,12,1,2,2,11,0,4,2,3,20,1
698,34,9,19,2,6,4,4,4,8,0,3,0,3,24,1
699,33,8,18,5,11,3,5,1,7,0,1,1,1,24,1
700,30,8,15,7,13,4,4,4,6,0,0,2,3,27,1
701,37,7,19,3,9,4,5,9,8,1,0,2,4,21,0
702,36,11,23,6,12,0,0,2,7,1,1,2,4,28,1
703,29,15,23,9,15,4,4,9,6,0,0,1,2,43,1
704,0,0,0,0,0,0,0,0,0,0,0,0,0,0,1
705,30,14,20,11,15,0,0,5,8,0,3,2,1,39,1
706,37,11,23,3,10,4,4,3,11,0,3,1,4,29,1
707,42,11,20,8,14,5,6,4,9,0,3,2,3,35,0
708,28,5,11,1,4,2,2,1,6,0,1,4,2,13,1
709,35,6,13,2,6,4,5,4,5,0,0,3,3,18,1
710,34,9,19,4,11,4,4,8,9,0,2,2,0,26,1
711,27,4,18,1,11,2,2,2,5,0,1,1,1,11,0
712,30,4,14,2,8,3,4,6,9,2,0,2,3,13,1
713,28,8,16,5,11,0,0,4,6,0,1,3,0,21,1
714,32,10,16,6,10,9,10,7,5,0,4,5,4,35,1
715,35,9,21,5,10,4,4,5,5,0,3,2,4,27,1
716,35,7,23,0,11,5,5,4,6,0,2,2,4,19,1
717,34,9,20,2,9,5,6,7,4,0,2,3,5,25,0
718,35,10,27,2,11,1,1,6,5,0,5,4,4,23,0
719,37,11,24,5,13,4,6,8,6,0,2,2,2,31,1
720,35,8,20,6,15,2,3,4,9,0,0,4,2,24,1
721,35,8,16,2,9,5,5,5,6,1,0,4,4,23,0
722,35,10,27,1,8,5,5,6,7,0,1,4,6,26,0
723,0,0,0,0,0,0,0,0,0,0,0,0,0,0,0
724,37,8,23,5,13,8,8,6,5,0,3,3,5,29,1
725,28,8,15,2,7,7,7,1,9,0,3,1,2,25,1
726,30,9,13,6,8,4,4,4,4,1,1,3,3,28,1
727,30,8,17,7,12,0,0,4,6,0,0,3,5,23,1
728,30,7,14,3,9,0,0,5,9,0,2,1,0,17,1
729,33,9,18,5,11,4,4,7,12,0,6,0,3,27,1
730,36,8,18,5,12,0,0,1,11,0,4,1,5,21,1
731,33,11,22,3,11,7,10,10,7,0,2,5,6,32,1
732,35,9,20,4,8,7,7,4,11,0,1,5,2,29,1
733,35,8,18,4,9,4,5,7,5,0,2,4,2,24,1
734,36,15,22,9,14,3,3,1,8,0,1,3,1,42,1
735,30,7,18,3,8,2,4,3,9,2,3,2,3,19,1
736,35,15,25,8,12,4,7,4,11,2,2,0,3,42,1
737,0,0,0,0,0,0,0,0,0,0,0,0,0,0,1
738,30,9,16,6,8,4,5,4,4,0,1,1,1,28,0
739,28,6,17,5,14,3,4,5,8,0,2,1,5,20,1
740,36,9,19,3,8,8,8,5,4,1,1,5,5,29,1
741,31,6,18,4,12,3,5,5,6,1,4,1,4,19,1
742,39,10,25,5,14,9,10,4,8,1,2,1,1,34,1
743,30,12,20,7,11,6,7,7,8,0,1,0,4,37,1
744,30,7,11,1,4,7,7,7,5,0,1,1,4,22,1
745,38,8,15,5,8,2,2,4,6,0,2,3,3,23,1
746,37,6,20,3,11,8,9,5,4,0,0,2,0,23,1
747,35,9,15,4,10,8,8,5,7,1,0,2,2,30,1
748,39,14,26,7,16,5,7,7,3,0,3,0,3,40,1
749,31,8,13,6,9,7,7,7,7,0,3,3,2,29,1
750,34,8,15,3,7,2,2,5,3,0,6,3,5,21,1
751,34,14,24,5,13,3,3,5,6,0,0,2,6,36,1
752,34,11,22,6,11,0,0,6,10,0,3,3,2,28,1
753,36,7,17,4,11,14,14,10,11,0,1,3,8,32,1
754,39,8,19,5,9,5,5,13,6,0,2,3,1,26,1
755,38,4,13,2,9,4,5,5,10,0,2,2,4,14,0
756,41,10,20,2,9,12,15,6,10,0,3,3,4,34,1
757,24,3,12,1,7,4,4,4,2,0,1,0,1,11,0
758,24,5,9,3,6,1,2,6,4,1,0,5,3,14,0
759,31,13,20,6,9,8,9,6,8,0,3,3,1,40,1
760,19,6,12,4,6,2,2,3,3,0,1,0,1,18,1
761,30,8,18,3,9,3,3,5,4,0,1,4,2,22,0
762,35,7,16,4,11,10,10,3,8,0,0,1,1,28,1
763,30,9,17,6,11,13,13,6,3,0,0,5,2,37,0
764,31,7,15,2,10,13,13,2,8,0,4,1,6,29,1
765,38,9,20,4,11,8,8,4,5,1,3,2,2,30,1
766,36,7,19,3,13,3,3,5,8,0,2,2,2,20,1
767,35,11,17,3,7,2,3,6,8,0,1,3,5,27,0
768,30,9,14,7,11,6,8,5,6,1,2,3,1,31,1
769,32,7,13,3,4,4,4,8,5,0,3,2,2,21,1
770,30,7,14,5,10,3,4,0,11,0,2,0,3,22,1
771,34,5,19,2,9,4,5,5,4,0,2,3,1,16,1
772,30,7,16,2,7,6,6,8,8,1,2,2,5,22,1
773,30,5,12,3,8,9,9,4,9,0,1,0,2,22,1
774,0,0,0,0,0,0,0,0,0,0,0,0,0,0,1
775,31,3,14,2,9,1,2,6,5,0,4,5,4,9,0
776,35,11,22,4,9,9,9,5,5,1,0,1,2,35,1
777,33,14,24,4,10,7,8,11,7,0,3,6,7,39,1
778,31,9,18,3,8,3,3,5,6,0,1,1,6,24,0
779,27,10,18,4,11,9,9,7,4,0,2,2,2,33,1
780,36,9,25,3,13,6,6,4,6,0,1,2,1,27,1
781,0,0,0,0,0,0,0,0,0,0,0,0,0,0,0
782,39,9,20,3,9,7,8,5,7,0,0,4,5,28,1
783,33,9,20,3,8,2,2,6,10,0,3,2,4,23,1
784,30,11,16,5,9,3,4,2,3,0,2,1,0,30,1
785,34,9,19,5,11,8,9,5,11,0,1,5,2,31,1
786,0,0,0,0,0,0,0,0,0,0,0,0,0,0,1
787,0,0,0,0,0,0,0,0,0,0,0,0,0,0,1
788,0,0,0,0,0,0,0,0,0,0,0,0,0,0,1
789,0,0,0,0,0,0,0,0,0,0,0,0,0,0,1
790,0,0,0,0,0,0,0,0,0,0,0,0,0,0,1
791,0,0,0,0,0,0,0,0,0,0,0,0,0,0,1
792,0,0,0,0,0,0,0,0,0,0,0,0,0,0,1
793,0,0,0,0,0,0,0,0,0,0,0,0,0,0,0
794,0,0,0,0,0,0,0,0,0,0,0,0,0,0,1
795,0,0,0,0,0,0,0,0,0,0,0,0,0,0,1
796,0,0,0,0,0,0,0,0,0,0,0,0,0,0,0
797,26,13,17,10,13,2,2,4,3,0,0,2,0,38,1
798,34,11,19,6,13,4,5,5,8,0,1,1,3,32,1
799,37,10,20,4,10,5,6,9,5,0,1,3,3,29,1
800,30,11,21,8,16,15,16,6,3,0,3,2,2,45,1
801,35,9,17,5,10,9,10,4,9,0,2,3,6,32,1
802,0,0,0,0,0,0,0,0,0,0,0,0,0,0,0
803,0,0,0,0,0,0,0,0,0,0,0,0,0,0,1
804,34,6,12,2,7,10,12,6,9,0,1,3,1,24,1
805,33,8,15,4,8,3,4,4,8,0,2,3,3,23,1
806,35,10,18,6,11,4,4,9,4,0,1,2,6,30,1
807,36,6,20,5,15,2,4,1,8,0,2,2,6,19,0
808,33,9,19,8,15,6,6,6,7,0,0,2,1,32,1
809,37,9,14,5,9,2,3,5,9,0,3,2,2,25,1
810,37,16,24,8,13,9,10,4,5,0,2,2,1,49,1
811,30,4,13,1,7,5,5,2,5,0,0,1,3,14,0
812,36,7,17,3,10,6,6,5,6,0,2,3,6,23,1
813,36,8,16,5,12,3,4,6,4,0,2,2,5,24,0
814,32,6,14,2,9,7,7,5,5,1,1,3,3,21,0
815,30,7,12,4,9,2,2,7,8,0,0,1,4,20,1
816,29,7,13,3,7,0,0,4,8,0,2,0,2,17,1
817,30,8,17,3,9,3,3,9,7,1,0,3,3,22,1
818,34,6,17,3,10,2,2,4,6,0,3,4,7,17,0
819,27,4,14,3,11,0,0,6,5,0,1,0,6,11,0
820,37,14,19,8,11,8,8,6,10,0,2,4,4,44,1
821,30,8,19,5,12,0,0,9,6,0,3,2,2,21,1
822,30,8,16,4,9,1,1,5,5,0,0,1,3,21,1
823,35,5,15,4,9,11,12,5,3,0,2,3,6,25,1
824,24,8,15,4,9,8,8,1,3,0,2,0,0,28,1
825,34,12,20,6,12,4,5,6,4,1,3,2,3,34,1
826,2,0,1,0,0,2,2,0,0,0,0,0,0,2,1
827,0,0,0,0,0,0,0,0,0,0,0,0,0,0,0
828,0,0,0,0,0,0,0,0,0,0,0,0,0,0,0
829,0,0,0,0,0,0,0,0,0,0,0,0,0,0,1
830,0,0,0,0,0,0,0,0,0,0,0,0,0,0,0
831,0,0,0,0,0,0,0,0,0,0,0,0,0,0,1
832,0,0,0,0,0,0,0,0,0,0,0,0,0,0,0
833,25,10,18,3,8,6,6,7,1,1,0,1,1,29,1
834,0,0,0,0,0,0,0,0,0,0,0,0,0,0,0
835,0,0,0,0,0,0,0,0,0,0,0,0,0,0,0
836,0,0,0,0,0,0,0,0,0,0,0,0,0,0,0
837,0,0,0,0,0,0,0,0,0,0,0,0,0,0,1
838,0,0,0,0,0,0,0,0,0,0,0,0,0,0,1
839,0,0,0,0,0,0,0,0,0,0,0,0,0,0,1
840,0,0,0,0,0,0,0,0,0,0,0,0,0,0,0
841,0,0,0,0,0,0,0,0,0,0,0,0,0,0,0
842,0,0,0,0,0,0,0,0,0,0,0,0,0,0,1
843,0,0,0,0,0,0,0,0,0,0,0,0,0,0,0
844,0,0,0,0,0,0,0,0,0,0,0,0,0,0,1
845,0,0,0,0,0,0,0,0,0,0,0,0,0,0,1
846,0,0,0,0,0,0,0,0,0,0,0,0,0,0,1
847,0,0,0,0,0,0,0,0,0,0,0,0,0,0,0
848,0,0,0,0,0,0,0,0,0,0,0,0,0,0,1
849,0,0,0,0,0,0,0,0,0,0,0,0,0,0,1
850,27,8,15,5,10,7,7,7,2,0,3,2,6,28,1
851,29,6,19,3,9,4,4,6,2,2,4,1,3,19,0
852,32,8,17,4,9,3,3,1,2,0,0,1,2,23,1
853,37,10,16,3,6,5,5,7,8,0,1,2,4,28,1
854,35,8,15,1,5,1,2,6,8,1,2,5,1,18,1
855,34,7,19,1,8,1,1,7,7,0,0,3,2,16,0
856,34,13,23,5,12,4,4,6,1,1,0,2,1,35,1
857,39,10,26,6,13,2,2,6,2,0,2,3,3,28,0
858,41,8,17,2,8,4,5,7,6,0,4,2,3,22,0
859,40,12,23,5,14,0,0,5,6,3,0,2,2,29,1
860,44,10,22,7,15,0,0,9,10,1,4,4,5,27,1
861,46,11,23,5,11,2,2,6,9,0,1,1,2,29,1
862,38,11,26,9,17,2,2,7,8,0,1,3,5,33,1
863,39,3,16,1,10,4,4,5,6,0,1,3,2,11,1
864,39,12,27,7,15,6,6,6,4,3,3,4,2,37,1
865,20,7,11,5,9,2,2,2,4,1,1,2,1,21,0
866,0,0,0,0,0,0,0,0,0,0,0,0,0,0,1
867,24,8,14,3,8,4,4,0,4,0,1,3,5,23,0
868,26,6,11,2,3,9,9,3,5,0,2,3,5,23,0
869,12,5,10,4,7,2,2,3,4,1,1,0,0,16,0
870,37,11,20,5,9,5,5,8,9,0,1,4,3,32,1
871,37,13,24,5,9,0,1,4,8,0,2,2,4,31,1
872,39,10,23,6,16,4,4,4,6,0,0,4,2,30,0
873,30,11,18,6,13,1,2,4,8,0,2,0,3,29,1
874,32,15,24,11,16,10,10,4,3,1,0,1,2,51,1
875,33,10,18,6,11,3,3,4,2,0,1,2,3,29,1
876,36,11,26,7,15,6,7,7,3,0,1,1,2,35,1
877,25,7,9,2,4,7,7,8,5,1,3,3,1,23,1
